line,name,presentation,stock
COCA COLA,CLASICA,CHUBBY ORIGINAL 355 ML,CAJ (24)274.00 [0]
COCA COLA,CLASICA,CHUBBY ORIGINAL 355 ML,MED (12)137.00 [0]
COCA COLA,CLASICA,CHUBBY ORIGINAL 355 ML,PAQ (24)245.00 [0]
COCA COLA,CLASICA,CHUBBY ORIGINAL 355 ML,PZA (1)13.00 [0]
COCA COLA,CLASICA,COCA 01 LITRO,CAJ (12)256.00 [150]
COCA COLA,CLASICA,COCA 01 LITRO,MED (6)128.00 [150]
COCA COLA,CLASICA,COCA 01 LITRO,PZA (1)25.00 [15]
COCA COLA,CLASICA,COCA 1.5 LTS,CAJ (12)306.00 [30]
COCA COLA,CLASICA,COCA 1.5 LTS,MED (6)153.00 [30]
COCA COLA,CLASICA,COCA 1.5 LTS,PZA (1)30.00 [0]
COCA COLA,CLASICA,COCA 2 LTS,CAJ (9)286.00 [291]
COCA COLA,CLASICA,COCA 2 LTS,MED (6)197.00 [291]
COCA COLA,CLASICA,COCA 2 LTS,PZA (1)38.00 [14]
COCA COLA,CLASICA,COCA 235 ML,CAJ (24)200.00 [984]
COCA COLA,CLASICA,COCA 235 ML,MED (12)100.00 [984]
COCA COLA,CLASICA,COCA 235 ML,PZA (1)10.00 [48]
COCA COLA,CLASICA,COCA 237 ML VIDRIO NR,CAJ (24)336.00 [0]
COCA COLA,CLASICA,COCA 237 ML VIDRIO NR,PZA (1)16.00 [0]
COCA COLA,CLASICA,COCA 3 LTS,CAJ (9)380.00 [408]
COCA COLA,CLASICA,COCA 3 LTS,MED (6)253.00 [408]
COCA COLA,CLASICA,COCA 3 LTS,PZA (1)45.00 [9]
COCA COLA,CLASICA,COCA 600 ML,CAJ (24)422.00 [0]
COCA COLA,CLASICA,COCA 600 ML,MED (12)211.00 [0]
COCA COLA,CLASICA,COCA 600 ML,PZA (1)20.00 [0]
COCA COLA,CLASICA,COCA LATA 355 ML,CAJ (24)432.00 [300]
COCA COLA,CLASICA,COCA LATA 355 ML,MED (12)216.00 [300]
COCA COLA,CLASICA,COCA LATA 355 ML,PZA (1)20.00 [13]
COCA COLA,CLASICA,COCA RETO 1.5L,CAJ (12)235.00 [96]
COCA COLA,CLASICA,COCA RETO 1.5L,MED (6)118.00 [96]
COCA COLA,CLASICA,COCA RETO 2.5L,CAJ (8)218.00 [204]
COCA COLA,CLASICA,COCA RETO 2.5L,MED (4)109.00 [204]
COCA COLA,CLASICA,COCA RETO 2.5L,PZA (1)35.00 [0]
COCA COLA,CLASICA,COCA RETO 355ML,CAJ (24)295.00 [746]
COCA COLA,CLASICA,COCA RETO 355ML,PAQ (24)350.00 [746]
COCA COLA,CLASICA,COCA RETO 355ML,PZA (1)0.00 [0]
COCA COLA,CLASICA,COCA RETO 500ML,CAJ (24)295.00 [360]
COCA COLA,CLASICA,COCA RETO 500ML,PZA (1)11.00 [0]
COCA COLA,MEZCLA,MEZCLA 3 LTS,CAJ (4)130.00 [0]
COCA COLA,MEZCLA,MEZCLA 3 LTS,PZA (1)30.00 [0]
COCA COLA,MEZCLA,MEZCLA 600ML,CAJ (12)190.00 [36]
COCA COLA,MEZCLA,MEZCLA 600ML,PZA (1)18.00 [12]
COCA COLA,MEZCLA,MEZCLA COCA 2LTS,CAJ (8)210.00 [0]
COCA COLA,MEZCLA,MEZCLA COCA 2LTS,MED (4)105.00 [0]
COCA COLA,MEZCLA,MEZCLA COCA 2LTS,PZA (1)30.00 [0]
COCA COLA,MEZCLA,MEZCLA LATA 355ML,CAJ (24)348.00 [48]
COCA COLA,MEZCLA,MEZCLA LATA 355ML,MED (12)175.00 [48]
COCA COLA,MEZCLA,MEZCLA LATA 355ML,PZA (1)15.00 [4]
COCA COLA,MEZCLA,MEZCLA RETO 355,CAJ (24)225.00 [0]
COCA COLA,MEZCLA,MEZCLA RETO 355,MED (12)113.00 [0]
COCA COLA,MEZCLA,MEZCLA SABOR S/A 300ML,CAJ (12)82.00 [0]
COCA COLA,MEZCLA,MEZCLA SABOR S/A 300ML,PAQ (24)0.00 [0]
COCA COLA,MEZCLA,MEZCLA SABOR S/A 300ML,PZA (1)7.00 [10]
COCA COLA,MEZCLA,MEZCLA SABORES RETO 500 ML,CAJ (24)210.00 [96]
COCA COLA,LIGHT / SIN AZUCAR,CHUBBY SIN AZUCAR 355 ML,CAJ (24)254.00 [120]
COCA COLA,LIGHT / SIN AZUCAR,CHUBBY SIN AZUCAR 355 ML,MED (12)127.00 [120]
COCA COLA,LIGHT / SIN AZUCAR,CHUBBY SIN AZUCAR 355 ML,PZA (1)12.00 [0]
COCA COLA,LIGHT / SIN AZUCAR,COCA COLA S/AZUCAR 2LTS,CAJ (8)254.00 [0]
COCA COLA,LIGHT / SIN AZUCAR,COCA COLA S/AZUCAR 2LTS,MED (4)127.00 [0]
COCA COLA,LIGHT / SIN AZUCAR,COCA COLA S/AZUCAR 2LTS,PZA (1)20.00 [0]
COCA COLA,LIGHT / SIN AZUCAR,COCA L/S 600,CAJ (12)205.00 [0]
COCA COLA,LIGHT / SIN AZUCAR,COCA LIGHT 2LTS,CAJ (6)190.00 [0]
COCA COLA,LIGHT / SIN AZUCAR,COCA LIGHT 2LTS,PZA (1)29.00 [0]
COCA COLA,LIGHT / SIN AZUCAR,COCA LIGHT 600 ML,CAJ (12)205.00 [36]
COCA COLA,LIGHT / SIN AZUCAR,COCA LIGHT 600 ML,PZA (1)10.00 [0]
COCA COLA,LIGHT / SIN AZUCAR,COCA LIGHT LATA 355 ML,CAJ (24)410.00 [36]
COCA COLA,LIGHT / SIN AZUCAR,COCA LIGHT LATA 355 ML,MED (12)205.00 [36]
COCA COLA,LIGHT / SIN AZUCAR,COCA LIGHT LATA 355 ML,PZA (1)15.00 [11]
COCA COLA,LIGHT / SIN AZUCAR,COCA S/AZUCAR 355 LATA,CAJ (24)410.00 [0]
COCA COLA,LIGHT / SIN AZUCAR,COCA S/AZUCAR 355 LATA,MED (12)202.00 [0]
COCA COLA,LIGHT / SIN AZUCAR,COCA S/AZUCAR 355 LATA,PAQ (24)0.00 [0]
COCA COLA,LIGHT / SIN AZUCAR,COCA S/AZUCAR 355 LATA,PZA (1)17.00 [0]
COCA COLA,LIGHT / SIN AZUCAR,COCA S/AZUCAR 600ML,CAJ (12)205.00 [36]
COCA COLA,LIGHT / SIN AZUCAR,COCA S/AZUCAR 600ML,PZA (1)18.00 [0]
COCA COLA,SIDRAL,SIDRAL 2 LTS,CAJ (8)210.00 [24]
COCA COLA,SIDRAL,SIDRAL 2 LTS,MED (4)105.00 [24]
COCA COLA,SIDRAL,SIDRAL 2 LTS,PZA (1)30.00 [0]
COCA COLA,SIDRAL,SIDRAL 355 PET,CAJ (12)124.00 [0]
COCA COLA,SIDRAL,SIDRAL 355 PET,PZA (1)5.00 [0]
COCA COLA,SIDRAL,SIDRAL 3LTS,CAJ (4)130.00 [12]
COCA COLA,SIDRAL,SIDRAL 3LTS,PZA (1)30.00 [0]
COCA COLA,SIDRAL,SIDRAL 600ML,CAJ (12)190.00 [0]
COCA COLA,SIDRAL,SIDRAL 600ML,PZA (1)15.00 [0]
COCA COLA,SIDRAL,SIDRAL KIWI 2LTS,CAJ (8)200.00 [20]
COCA COLA,SIDRAL,SIDRAL KIWI 2LTS,MED (4)100.00 [20]
COCA COLA,SIDRAL,sidral kiwi 600,CAJ (12)185.00 [0]
COCA COLA,SIDRAL,sidral kiwi 600,PZA (1)18.00 [0]
COCA COLA,SIDRAL,SIDRAL LATA  355L,CAJ (24)348.00 [0]
COCA COLA,SIDRAL,SIDRAL LATA  355L,MED (12)175.00 [0]
COCA COLA,SIDRAL,SIDRAL LATA  355L,PZA (1)16.00 [0]
COCA COLA,SIDRAL,SIDRAL S/A 300ML,CAJ (12)82.00 [0]
COCA COLA,SIDRAL,SIDRAL S/A 300ML,PAQ (12)82.00 [0]
COCA COLA,SIDRAL,SIDRAL S/A 300ML,PZA (1)8.00 [0]
COCA COLA,VALLE FRUT,VALLE MANDARINA 2LTS,CAJ (8)180.00 [0]
COCA COLA,VALLE FRUT,VALLE MANDARINA 2LTS,MED (4)90.00 [0]
COCA COLA,VALLE FRUT,VALLE MANDARINA 2LTS,PZA (1)25.00 [0]
COCA COLA,VALLE FRUT,VALLEFRUT 1.5  ML,CAJ (6)101.50 [0]
COCA COLA,VALLE FRUT,VALLEFRUT 1.5  ML,PZA (1)16.00 [0]
COCA COLA,VALLE FRUT,VALLEFRUT 2 LTS,CAJ (6)145.00 [18]
COCA COLA,VALLE FRUT,VALLEFRUT 2 LTS,PZA (1)18.00 [0]
COCA COLA,VALLE FRUT,VALLEFRUT 3LTS,CAJ (6)195.00 [30]
COCA COLA,VALLE FRUT,VALLEFRUT 3LTS,PZA (1)35.00 [0]
COCA COLA,VALLE FRUT,VALLEFRUT 600  ML,CAJ (12)185.00 [0]
COCA COLA,VALLE FRUT,VALLEFRUT 600  ML,PZA (1)15.00 [0]
COCA COLA,POWER ADE,POWERADE 600 ROJO,CAJ (6)118.00 [0]
COCA COLA,POWER ADE,POWERADE 600 ROJO,PZA (1)25.00 [12]
COCA COLA,POWER ADE,POWERADE AZUL 1 LT,CAJ (6)155.00 [0]
COCA COLA,POWER ADE,POWERADE AZUL 1 LT,PZA (1)30.00 [12]
COCA COLA,POWER ADE,POWERADE AZUL 600ML,CAJ (6)118.00 [0]
COCA COLA,POWER ADE,POWERADE AZUL 600ML,PZA (1)20.00 [0]
COCA COLA,POWER ADE,POWERADE MIXTO LITRO,CAJ (6)155.00 [36]
COCA COLA,POWER ADE,POWERADE MIXTO LITRO,PZA (1)30.00 [0]
COCA COLA,POWER ADE,POWERADE MIXTO SPORT 600ML,CAJ (6)118.00 [24]
COCA COLA,POWER ADE,POWERADE MIXTO SPORT 600ML,PZA (1)19.00 [5]
COCA COLA,POWER ADE,POWERADE ROJO LITRO,CAJ (6)155.00 [0]
COCA COLA,POWER ADE,POWERADE ROJO LITRO,PZA (1)30.00 [6]
COCA COLA,DEL VALLE,GENEROSA,CAJ (24)362.00 [0]
COCA COLA,DEL VALLE,GENEROSA,MED (12)182.00 [0]
COCA COLA,DEL VALLE,GENEROSA,PAQ (6)0.00 [0]
COCA COLA,DEL VALLE,GENEROSA,PZA (1)18.00 [0]
COCA COLA,CIEL NATURAL,AGUA CIEL 355,CAJ (24)110.00 [240]
COCA COLA,CIEL NATURAL,AGUA CIEL 355,MED (12)0.00 [240]
COCA COLA,CIEL NATURAL,AGUA CIEL 355,PZA (1)2.50 [0]
COCA COLA,CIEL NATURAL,AGUA CIEL 600ML,CAJ (24)264.00 [0]
COCA COLA,CIEL NATURAL,AGUA CIEL 600ML,MED (12)132.00 [0]
COCA COLA,CIEL NATURAL,AGUA CIEL 600ML,PZA (1)13.00 [0]
COCA COLA,MONSTER,MONSTER LATA 473 ML,CAJ (4)116.00 [0]
COCA COLA,MONSTER,MONSTER LATA 473 ML,PZA (1)35.00 [0]
COCA COLA,FUZE TEA,FUZE TEA 600 ML,CAJ (6)125.00 [6]
COCA COLA,FUZE TEA,FUZE TEA 600 ML,PZA (1)25.00 [7]
COCA COLA,LECHE,LECHE DESLACTOSADA 1LT,CAJ (12)0.00 [0]
COCA COLA,LECHE,LECHE DESLACTOSADA 1LT,MED (6)0.00 [0]
COCA COLA,LECHE,LECHE ENT 1LT,CAJ (12)0.00 [0]
COCA COLA,LECHE,LECHE ENT 1LT,MED (6)0.00 [0]
COCA COLA,LECHE,LECHE ENT 1LT,PZA (1)19.50 [0]
COCA COLA,SPRITE,SPRITE 2L,CAJ (8)210.00 [32]
COCA COLA,SPRITE,SPRITE 2L,MED (4)105.00 [32]
COCA COLA,SPRITE,SPRITE 2L,PZA (1)23.00 [0]
COCA COLA,SPRITE,SPRITE 3L,CAJ (4)130.00 [12]
COCA COLA,SPRITE,SPRITE 3L,PZA (1)30.00 [2]
COCA COLA,SPRITE,SPRITE 600ML,CAJ (12)190.00 [0]
COCA COLA,SPRITE,SPRITE 600ML,PZA (1)18.00 [0]
COCA COLA,SPRITE,SPRITE LATA 355ML,CAJ (24)34800.00 [0]
COCA COLA,SPRITE,SPRITE LATA 355ML,MED (12)175.00 [0]
COCA COLA,SPRITE,SPRITE LATA 355ML,PZA (1)16.00 [0]
COCA COLA,SPRITE,SPRITE S/A 300 ML,CAJ (12)82.00 [0]
COCA COLA,SPRITE,SPRITE S/A 300 ML,PAQ (12)0.00 [0]
COCA COLA,SPRITE,SPRITE S/A 300 ML,PZA (1)5.00 [0]
COCA COLA,FANTA,FANTA FRESA 2LT,CAJ (8)200.00 [8]
COCA COLA,FANTA,FANTA FRESA 2LT,MED (4)100.00 [8]
COCA COLA,FANTA,FANTA FRESA 2LT,PZA (1)30.00 [0]
COCA COLA,FANTA,FANTA FRESA 600,CAJ (12)190.00 [0]
COCA COLA,FANTA,FANTA FRESA 600,PZA (1)18.00 [0]
COCA COLA,FANTA,FANTA NARANJ 600,CAJ (12)190.00 [0]
COCA COLA,FANTA,FANTA NARANJ 600,PZA (1)17.00 [0]
COCA COLA,FANTA,FANTA NARANJA 2LT,CAJ (8)210.00 [8]
COCA COLA,FANTA,FANTA NARANJA 2LT,MED (4)105.00 [8]
COCA COLA,FANTA,FANTA NARANJA 2LT,PZA (1)23.00 [0]
COCA COLA,FANTA,FANTA NARANJA 3LT,CAJ (4)130.00 [8]
COCA COLA,FANTA,FANTA NARANJA 3LT,PZA (1)35.00 [0]
COCA COLA,FANTA,FANTA NARANJA LTA,CAJ (24)348.00 [0]
COCA COLA,FANTA,FANTA NARANJA LTA,MED (12)175.00 [0]
COCA COLA,FANTA,FANTA NARANJA LTA,PZA (1)16.00 [0]
COCA COLA,FANTA,FANTA S/A 300ML,CAJ (12)82.00 [0]
COCA COLA,FANTA,FANTA S/A 300ML,PZA (1)8.00 [0]
COCA COLA,FRESCA,FRESCA 2LT,CAJ (8)210.00 [16]
COCA COLA,FRESCA,FRESCA 2LT,MED (4)105.00 [16]
COCA COLA,FRESCA,FRESCA 2LT,PZA (1)30.00 [0]
COCA COLA,FRESCA,FRESCA 3LT,CAJ (4)130.00 [8]
COCA COLA,FRESCA,FRESCA 3LT,PZA (1)30.00 [0]
COCA COLA,FRESCA,FRESCA 600ML,CAJ (12)190.00 [0]
COCA COLA,FRESCA,FRESCA 600ML,PZA (1)18.00 [0]
COCA COLA,FRESCA,FRESCA LATA 355ML,CAJ (24)348.00 [0]
COCA COLA,FRESCA,FRESCA LATA 355ML,MED (12)175.00 [0]
COCA COLA,FRESCA,FRESCA LATA 355ML,PZA (1)16.00 [0]
COCA COLA,FRESCA,FRESCA S/A 300 ML,CAJ (12)82.00 [0]
COCA COLA,FRESCA,FRESCA S/A 300 ML,PZA (1)8.00 [0]
COCA COLA,DELAWARE,DELAWARE 250,CAJ (12)114.00 [0]
COCA COLA,DELAWARE,DELAWARE 250,PZA (1)0.00 [0]
COCA COLA,DELAWARE,DELAWARE 2LTS,CAJ (8)210.00 [0]
COCA COLA,DELAWARE,DELAWARE 2LTS,MED (4)105.00 [0]
COCA COLA,DELAWARE,DELAWARE 2LTS,PZA (1)30.00 [0]
COCA COLA,DELAWARE,DELAWARE 600ML,CAJ (12)190.00 [0]
COCA COLA,DELAWARE,DELAWARE 600ML,PZA (1)18.00 [0]
COCA COLA,VACIOS,cja vacia ret 2.5,CAJ (8)150.00 [0]
COCA COLA,VACIOS,cja vacia ret 2.5,PAQ (8)92.00 [0]
COCA COLA,VACIOS,cja vacia ret 500,CAJ (24)280.00 [384]
COCA COLA,VACIOS,cja vacia ret 500,PAQ (24)122.00 [384]
COCA COLA,VACIOS,VACIO 20LTS BONAFONT,CAJ (1)0.00 [0]
COCA COLA,TOPO CHICO,TOPO CHICO 355 NR,CAJ (24)0.00 [0]
COCA COLA,TOPO CHICO,TOPO CHICO 355 NR,MED (12)0.00 [0]
COCA COLA,TOPO CHICO,TOPO CHICO 355 NR,PZA (1)0.00 [0]
COCA COLA,TOPO CHICO,TOPO CHICO 600,CAJ (12)200.00 [0]
COCA COLA,TOPO CHICO,TOPO CHICO 600,PZA (1)18.00 [2]
COCA COLA,SENZAO,SENZAO 2lts,CAJ (8)210.00 [0]
COCA COLA,SENZAO,SENZAO 2lts,MED (4)105.00 [0]
COCA COLA,SENZAO,SENZAO 600,CAJ (12)175.00 [0]
COCA COLA,SENZAO,SENZAO 600,PZA (1)15.00 [2]
PEPSI,PEPSI,PEPSI 2LT,CAJ (8)200.00 [24]
PEPSI,PEPSI,PEPSI 2LT,MED (4)100.00 [24]
PEPSI,PEPSI,PEPSI 2LT,PZA (1)25.00 [0]
PEPSI,PEPSI,PEPSI 3LT,CAJ (8)240.00 [16]
PEPSI,PEPSI,PEPSI 3LT,MED (4)120.00 [16]
PEPSI,PEPSI,PEPSI 3LT,PZA (1)35.00 [0]
PEPSI,PEPSI,PEPSI 600ML,CAJ (12)122.00 [0]
PEPSI,PEPSI,PEPSI 600ML,PZA (1)15.00 [0]
PEPSI,PEPSI,pepsi black 600,CAJ (12)130.00 [0]
PEPSI,PEPSI,pepsi black 600,PZA (1)0.00 [0]
PEPSI,PEPSI,PEPSI LATA,CAJ (24)380.00 [0]
PEPSI,PEPSI,PEPSI LATA,MED (12)190.00 [0]
PEPSI,PEPSI,PEPSI LATA,PZA (1)7.00 [1]
PEPSI,SQUIRT,SQUIRT 2LT,CAJ (8)210.00 [72]
PEPSI,SQUIRT,SQUIRT 2LT,MED (4)105.00 [72]
PEPSI,SQUIRT,SQUIRT 2LT,PZA (1)30.00 [1]
PEPSI,SQUIRT,SQUIRT 3LT,CAJ (8)245.00 [80]
PEPSI,SQUIRT,SQUIRT 3LT,MED (4)132.00 [80]
PEPSI,SQUIRT,SQUIRT 3LT,PZA (1)39.00 [1]
PEPSI,SQUIRT,SQUIRT 600ML,CAJ (12)157.00 [0]
PEPSI,SQUIRT,SQUIRT 600ML,PZA (1)0.00 [0]
PEPSI,SQUIRT,SQUIRT LATA 355ML,CAJ (24)260.00 [0]
PEPSI,SQUIRT,SQUIRT LATA 355ML,MED (12)130.00 [0]
PEPSI,SQUIRT,SQUIRT LATA 355ML,PZA (1)15.00 [0]
PEPSI,SQUIRT,SQUIRT PET 355 ML,CAJ (12)115.00 [120]
PEPSI,SQUIRT,SQUIRT PET 355 ML,PZA (1)10.00 [0]
PEPSI,MIRINDA,MIRINDA 2LT,CAJ (8)168.00 [0]
PEPSI,MIRINDA,MIRINDA 2LT,MED (4)84.00 [0]
PEPSI,MIRINDA,MIRINDA 2LT,PZA (1)29.00 [0]
PEPSI,MIRINDA,MIRINDA 3LT,CAJ (8)210.00 [0]
PEPSI,MIRINDA,MIRINDA 3LT,MED (4)105.00 [0]
PEPSI,MIRINDA,MIRINDA 3LT,PZA (1)0.00 [0]
PEPSI,MIRINDA,MIRINDA PET 355ML,CAJ (12)84.00 [0]
PEPSI,MIRINDA,MIRINDA PET 355ML,PZA (1)0.00 [0]
PEPSI,SEVEN UP,SEVEN UP 2LT,CAJ (8)168.00 [0]
PEPSI,SEVEN UP,SEVEN UP 2LT,MED (4)84.00 [0]
PEPSI,SEVEN UP,SEVEN UP 2LT,PZA (1)0.00 [0]
PEPSI,SEVEN UP,SEVEN UP 3 LT,CAJ (8)210.00 [0]
PEPSI,SEVEN UP,SEVEN UP 3 LT,MED (4)105.00 [0]
PEPSI,SEVEN UP,SEVEN UP 355 ML PET,CAJ (12)84.00 [0]
PEPSI,SEVEN UP,SEVEN UP 355 ML PET,PZA (1)0.00 [0]
PEPSI,SANGRIA CASERA,CASERA 2LT,CAJ (8)168.00 [0]
PEPSI,SANGRIA CASERA,CASERA 2LT,MED (4)84.00 [0]
PEPSI,SANGRIA CASERA,CASERA 2LT,PZA (1)22.00 [0]
PEPSI,SANGRIA CASERA,CASERA 3LT,CAJ (8)212.00 [0]
PEPSI,SANGRIA CASERA,CASERA 3LT,MED (4)106.00 [0]
PEPSI,SANGRIA CASERA,CASERA 400ML,CAJ (12)120.00 [0]
PEPSI,SANGRIA CASERA,CASERA 400ML,PZA (1)9.00 [0]
PEPSI,MANZANITA SOL,MANZANITA 2LT,CAJ (8)168.00 [0]
PEPSI,MANZANITA SOL,MANZANITA 2LT,MED (4)84.00 [0]
PEPSI,MANZANITA SOL,MANZANITA 2LT,PZA (1)22.00 [0]
PEPSI,MANZANITA SOL,MANZANITA 3LT,CAJ (8)210.00 [0]
PEPSI,MANZANITA SOL,MANZANITA 3LT,MED (4)105.00 [0]
PEPSI,MANZANITA SOL,MANZANITA 400ML,CAJ (12)105.00 [0]
PEPSI,MANZANITA SOL,MANZANITA PET 355 ml,CAJ (12)84.00 [0]
PEPSI,MANZANITA SOL,MANZANITA PET 355 ml,PZA (1)0.00 [0]
PEPSI,CANADA DRY,AGUA QUINA LATA 237 ML,CAJ (6)55.00 [0]
PEPSI,CANADA DRY,AGUA QUINA LATA 237 ML,PZA (1)0.00 [1]
PEPSI,CANADA DRY,CANADA DRY 1LT,CAJ (12)160.00 [0]
PEPSI,CANADA DRY,CANADA DRY 1LT,MED (6)80.00 [0]
PEPSI,CANADA DRY,CANADA DRY 1LT,PZA (1)10.00 [0]
PEPSI,CANADA DRY,CANADA DRY 600ML,CAJ (12)145.00 [0]
PEPSI,CANADA DRY,CANADA DRY 600ML,PZA (1)5.00 [0]
PEPSI,CANADA DRY,CANDA MINERAL 600,CAJ (12)130.00 [0]
PEPSI,CANADA DRY,CANDA MINERAL 600,PZA (1)0.00 [0]
PEPSI,CANADA DRY,GINGER ALE 237 ML,CAJ (6)75.00 [24]
PEPSI,CANADA DRY,GINGER ALE 237 ML,PZA (1)10.00 [0]
PEPSI,EPURA,EPURA 330ML,CAJ (24)188.00 [0]
PEPSI,EPURA,EPURA 330ML,PZA (1)8.00 [0]
PEPSI,MEZCLA PEPSI,MEZCLA PEPSI 2 LT,CAJ (8)168.00 [0]
PEPSI,MEZCLA PEPSI,MEZCLA PEPSI PET 355ML,CAJ (12)84.00 [0]
PEPSI,MEZCLA PEPSI,MEZCLA SABORES PEPSI 3 LT,CAJ (8)210.00 [0]
PEPSI,MEZCLA PEPSI,MEZCLA SABORES PEPSI 3 LT,MED (4)105.00 [0]
PEPSI,MEZCLA PEPSI,MEZCLA SABORES PEPSI 3 LT,PZA (1)0.00 [0]
VARIOS,GATORADE,GATORADE 1LT,CAJ (12)260.00 [0]
VARIOS,GATORADE,GATORADE 1LT,MED (6)130.00 [0]
VARIOS,GATORADE,GATORADE 1LT,PZA (1)27.00 [0]
VARIOS,GATORADE,GATORADE 600ML SPORT,CAJ (24)400.00 [0]
VARIOS,GATORADE,GATORADE 600ML SPORT,MED (12)200.00 [0]
VARIOS,GATORADE,GATORADE 600ML SPORT,PZA (1)18.00 [0]
VARIOS,GATORADE,GATORADE t/plana 600,CAJ (24)270.00 [0]
VARIOS,GATORADE,GATORADE t/plana 600,MED (12)135.00 [0]
VARIOS,GATORADE,GATORADE t/plana 600,PZA (1)0.00 [0]
VARIOS,SANGRIA SEÑORIAL,SEÑORIAL 2.6 LT,CAJ (6)200.00 [0]
VARIOS,SANGRIA SEÑORIAL,SEÑORIAL 2.6 LT,PZA (1)35.00 [0]
VARIOS,SANGRIA SEÑORIAL,SEÑORIAL 2LT,CAJ (8)220.00 [0]
VARIOS,SANGRIA SEÑORIAL,SEÑORIAL 2LT,MED (4)110.00 [0]
VARIOS,SANGRIA SEÑORIAL,SEÑORIAL 2LT,PZA (1)33.00 [0]
VARIOS,SANGRIA SEÑORIAL,SEÑORIAL 600ML,CAJ (24)330.00 [0]
VARIOS,SANGRIA SEÑORIAL,SEÑORIAL 600ML,MED (12)165.00 [0]
VARIOS,SANGRIA SEÑORIAL,SEÑORIAL 600ML,PZA (1)15.00 [0]
VARIOS,SANGRIA SEÑORIAL,SEÑORIAL PET 355 ML,CAJ (12)120.00 [0]
VARIOS,SANGRIA SEÑORIAL,SEÑORIAL PET 355 ML,PZA (1)11.00 [0]
VARIOS,SANGRIA SEÑORIAL,SEÑORIAL RETO 355ML,CAJ (24)250.00 [0]
VARIOS,JARRITO,JARRITO 2LT,CAJ (8)160.00 [384]
VARIOS,JARRITO,JARRITO 2LT,MED (4)0.00 [384]
VARIOS,JARRITO,JARRITO 2LT,PZA (1)22.00 [10]
VARIOS,JARRITO,JARRito 3LTS,CAJ (8)230.00 [0]
VARIOS,JARRITO,JARRito 3LTS,MED (4)115.00 [0]
VARIOS,JARRITO,JARRito 3LTS,PZA (1)0.00 [0]
VARIOS,JARRITO,JARRITO 600ML,CAJ (24)276.00 [60]
VARIOS,JARRITO,JARRITO 600ML,MED (12)138.00 [60]
VARIOS,JARRITO,JARRITO 600ML,PZA (1)14.00 [18]
VARIOS,JARRITO,JARRITO MINI LATA,CAJ (24)200.00 [0]
VARIOS,JARRITO,JARRITO MINI LATA,MED (12)100.00 [0]
VARIOS,JARRITO,JARRITO MINI LATA,PZA (1)10.00 [0]
VARIOS,JARRITO,JARRITO RETO 355ML,CAJ (24)210.00 [360]
VARIOS,JARRITO,MINERALITO 2 LTS,CAJ (8)110.00 [0]
VARIOS,JARRITO,MINERALITO 2 LTS,MED (4)55.00 [0]
VARIOS,JARRITO,MINERALITO 600,CAJ (24)176.00 [0]
VARIOS,JARRITO,MINERALITO 600,MED (12)90.00 [0]
VARIOS,RED COLA,RED COLA 1.5 LTS,CAJ (12)224.00 [0]
VARIOS,RED COLA,RED COLA 1.5 LTS,MED (6)112.00 [0]
VARIOS,RED COLA,RED COLA 2.5 LTS,CAJ (9)231.00 [0]
VARIOS,RED COLA,RED COLA 2.5 LTS,MED (6)154.00 [0]
VARIOS,RED COLA,RED COLA 2.5 LTS,PZA (1)28.00 [0]
VARIOS,RED COLA,RED COLA 2LT,CAJ (8)166.00 [40]
VARIOS,RED COLA,RED COLA 2LT,MED (4)83.00 [40]
VARIOS,RED COLA,RED COLA 2LT,PZA (1)19.00 [0]
VARIOS,RED COLA,RED COLA 3LT,CAJ (8)226.00 [40]
VARIOS,RED COLA,RED COLA 3LT,MED (4)113.00 [40]
VARIOS,RED COLA,RED COLA 3LT,PZA (1)30.00 [0]
VARIOS,RED COLA,RED COLA 600ML,CAJ (24)290.00 [120]
VARIOS,RED COLA,RED COLA 600ML,MED (12)145.00 [120]
VARIOS,RED COLA,RED COLA 600ML,PZA (1)10.00 [0]
VARIOS,SKARCH,SKARCH 1.5,CAJ (12)110.00 [120]
VARIOS,SKARCH,SKARCH 1.5,PZA (1)12.00 [0]
VARIOS,SKARCH,SKARCH 10 LTS,CAJ (1)38.00 [0]
VARIOS,SKARCH,SKARCH 10 LTS,PAQ (2)62.00 [0]
VARIOS,SKARCH,SKARCH 1LTRO,CAJ (12)110.00 [120]
VARIOS,SKARCH,SKARCH 1LTRO,PZA (1)10.00 [0]
VARIOS,SKARCH,SKARCH 600ML,CAJ (24)102.00 [120]
VARIOS,SKARCH,SKARCH 600ML,PZA (1)5.00 [0]
VARIOS,CALAHUA,CALAHUA LITRO,CAJ (1)60.00 [0]
VARIOS,BOOST,BOOST LATA 235ML,CAJ (12)246.00 [0]
VARIOS,BOOST,BOOST LATA 235ML,PAQ (12)0.00 [0]
VARIOS,BOOST,BOOST LATA 235ML,PZA (1)22.00 [0]
VARIOS,VOLT,VOLT FRUTOS/BOSQUE,CAJ (24)336.00 [0]
VARIOS,VOLT,VOLT FRUTOS/BOSQUE,MED (12)168.00 [0]
VARIOS,VOLT,VOLT FRUTOS/BOSQUE,PZA (1)0.00 [0]
VARIOS,VOLT,VOLT GUARANA LATA 473ML,CAJ (15)220.00 [0]
VARIOS,VOLT,VOLT GUARANA LATA 473ML,PZA (1)16.00 [0]
VARIOS,VOLT,VOLT MIXTO 473ML,CAJ (15)220.00 [0]
VARIOS,VOLT,VOLT MORA LATA 473ML,CAJ (15)220.00 [0]
VARIOS,VOLT,VOLT MORA LATA 473ML,PZA (1)17.00 [0]
VARIOS,BOING,BOING 250ML,CAJ (27)200.00 [540]
VARIOS,BOING,BOING 250ML,PZA (1)8.00 [0]
VARIOS,BOING,BOING 500ML,CAJ (24)285.00 [480]
VARIOS,BOING,BOING 500ML,MED (12)150.00 [480]
VARIOS,BOING,BOING 500ML,PZA (1)15.00 [0]
VARIOS,BOING,BOING MANGO NR,CAJ (24)320.00 [0]
VARIOS,BOING,BOING MANGO NR,MED (12)160.00 [0]
VARIOS,BOING,BOING MANGO NR,PZA (1)15.00 [0]
VARIOS,BOING,BOING MANGO RETORNABLE,CAJ (24)320.00 [0]
VARIOS,BOING,BOING MIXTO GENERICO NR,CAJ (24)320.00 [0]
VARIOS,BOING,BOING MIXTO GENERICO NR,MED (12)150.00 [0]
VARIOS,BOING,BOING MIXTO GENERICO NR,PZA (1)15.00 [0]
VARIOS,BOING,BOING MIXTO RETORNABLE 355ML,CAJ (24)300.00 [0]
VARIOS,BOING,BOING MIXTO RETORNABLE 355ML,PZA (1)15.00 [5]
VARIOS,JUMEX,JUGOSA 450ML,CAJ (24)350.00 [0]
VARIOS,JUMEX,JUGOSA 450ML,MED (12)175.00 [0]
VARIOS,JUMEX,JUGOSA 450ML,PZA (1)15.00 [0]
VARIOS,JUMEX,JUMEX ARANDANO LT,CAJ (12)370.00 [0]
VARIOS,JUMEX,JUMEX ARANDANO LT,MED (6)185.00 [0]
VARIOS,JUMEX,JUMEX ARANDANO LT,PZA (1)30.00 [0]
VARIOS,JUMEX,JUMEX ARIZONA,CAJ (24)400.00 [0]
VARIOS,JUMEX,JUMEX ARIZONA,MED (12)200.00 [0]
VARIOS,JUMEX,JUMEX ARIZONA,PZA (1)20.00 [0]
VARIOS,JUMEX,JUMEX DURAZNO LT,CAJ (12)280.00 [0]
VARIOS,JUMEX,JUMEX DURAZNO LT,MED (6)140.00 [0]
VARIOS,JUMEX,JUMEX DURAZNO LT,PZA (1)27.00 [0]
VARIOS,JUMEX,JUMEX MANGO LT,CAJ (12)280.00 [0]
VARIOS,JUMEX,JUMEX MANGO LT,MED (6)144.00 [0]
VARIOS,JUMEX,JUMEX MANGO LT,PZA (1)27.00 [0]
VARIOS,JUMEX,JUMEX MANZANA LT,CAJ (12)280.00 [0]
VARIOS,JUMEX,JUMEX MANZANA LT,MED (6)140.00 [0]
VARIOS,JUMEX,JUMEX MANZANA LT,PZA (1)27.00 [0]
VARIOS,JUMEX,JUMEX NARANJA LT,CAJ (12)280.00 [0]
VARIOS,JUMEX,JUMEX NARANJA LT,MED (6)140.00 [0]
VARIOS,JUMEX,JUMEX NARANJA LT,PAQ (12)0.00 [0]
VARIOS,JUMEX,JUMEX NARANJA LT,PZA (1)27.00 [0]
VARIOS,JUMEX,JUMEX PIÑA LT,CAJ (12)280.00 [0]
VARIOS,JUMEX,JUMEX PIÑA LT,MED (6)140.00 [0]
VARIOS,JUMEX,JUMEX PIÑA LT,PZA (1)27.00 [0]
VARIOS,JUMEX,JUMEX PRISMA MIX LT,CAJ (12)280.00 [0]
VARIOS,JUMEX,JUMEX PRISMA MIX LT,MED (6)140.00 [0]
VARIOS,JUMEX,JUMEX PRISMA MIX LT,PZA (1)27.00 [0]
VARIOS,JUMEX,JUMEX TORONJA,CAJ (12)0.00 [0]
VARIOS,JUMEX,JUMEX UVA LT,CAJ (12)290.00 [0]
VARIOS,JUMEX,JUMEX UVA LT,MED (6)145.00 [0]
VARIOS,JUMEX,JUMEX UVA LT,PZA (1)27.00 [0]
VARIOS,PEÑAFIEL,FRESADA 2LT,CAJ (8)180.00 [0]
VARIOS,PEÑAFIEL,FRESADA 2LT,MED (4)90.00 [0]
VARIOS,PEÑAFIEL,FRESADA 2LT,PZA (1)23.00 [0]
VARIOS,PEÑAFIEL,FRESADA 600ML,CAJ (12)165.00 [72]
VARIOS,PEÑAFIEL,FRESADA 600ML,PZA (1)13.00 [0]
VARIOS,PEÑAFIEL,LIMONADA 2LT,CAJ (8)170.00 [0]
VARIOS,PEÑAFIEL,LIMONADA 2LT,MED (4)85.00 [0]
VARIOS,PEÑAFIEL,LIMONADA 2LT,PZA (1)23.00 [0]
VARIOS,PEÑAFIEL,LIMONADA 600ML,CAJ (12)165.00 [48]
VARIOS,PEÑAFIEL,LIMONADA 600ML,PZA (1)13.00 [0]
VARIOS,PEÑAFIEL,MINERAL 2LT,CAJ (8)190.00 [0]
VARIOS,PEÑAFIEL,MINERAL 2LT,MED (4)95.00 [0]
VARIOS,PEÑAFIEL,MINERAL 2LT,PZA (1)30.00 [0]
VARIOS,PEÑAFIEL,MINERAL 600ML,CAJ (12)160.00 [120]
VARIOS,PEÑAFIEL,MINERAL 600ML,PZA (1)13.00 [0]
VARIOS,PEÑAFIEL,MINERAL PET 355ML,CAJ (24)240.00 [0]
VARIOS,PEÑAFIEL,MINERAL PET 355ML,MED (12)0.00 [0]
VARIOS,PEÑAFIEL,MINERAL PET 355ML,PAQ (24)0.00 [0]
VARIOS,PEÑAFIEL,MINERAL PET 355ML,PZA (1)9.00 [0]
VARIOS,PEÑAFIEL,MINERAL SIFON,CAJ (8)165.00 [0]
VARIOS,PEÑAFIEL,MINERAL SIFON,MED (4)82.50 [0]
VARIOS,PEÑAFIEL,MIX PEÑA ADAS 2LT,CAJ (8)180.00 [0]
VARIOS,PEÑAFIEL,MIX PEÑA ADAS 2LT,MED (4)90.00 [0]
VARIOS,PEÑAFIEL,MIX PEÑA ADAS 2LT,PZA (1)19.00 [0]
VARIOS,PEÑAFIEL,MIX PEÑAFIEL 600ML,CAJ (12)165.00 [0]
VARIOS,PEÑAFIEL,MIX PEÑAFIEL 600ML,PZA (1)13.00 [0]
VARIOS,PEÑAFIEL,MIX PEÑAFIEL ADAS 355ML,CAJ (24)240.00 [0]
VARIOS,PEÑAFIEL,MIX PEÑAFIEL ADAS 355ML,MED (12)120.00 [0]
VARIOS,PEÑAFIEL,MIX PEÑAFIEL ADAS 355ML,PZA (1)0.00 [0]
VARIOS,PEÑAFIEL,NARANJADA 2LT,CAJ (8)180.00 [0]
VARIOS,PEÑAFIEL,NARANJADA 2LT,MED (4)90.00 [0]
VARIOS,PEÑAFIEL,NARANJADA 2LT,PZA (1)25.00 [0]
VARIOS,PEÑAFIEL,NARANJADA 600ML,CAJ (12)165.00 [36]
VARIOS,PEÑAFIEL,NARANJADA 600ML,PZA (1)13.00 [0]
VARIOS,PEÑAFIEL,PIÑADA 2LT,CAJ (8)180.00 [0]
VARIOS,PEÑAFIEL,PIÑADA 2LT,MED (4)90.00 [0]
VARIOS,PEÑAFIEL,PIÑADA 2LT,PZA (1)25.00 [26]
VARIOS,PEÑAFIEL,PIÑADA 600ML,CAJ (12)165.00 [48]
VARIOS,PEÑAFIEL,PIÑADA 600ML,PZA (1)13.00 [0]
VARIOS,PEÑAFIEL,TORONJADA 2LT,CAJ (8)180.00 [0]
VARIOS,PEÑAFIEL,TORONJADA 2LT,MED (4)90.00 [0]
VARIOS,PEÑAFIEL,TWIST 600 MIX,CAJ (12)160.00 [0]
VARIOS,PEÑAFIEL,TWIST 600ML,CAJ (12)160.00 [60]
VARIOS,PEÑAFIEL,TWIST 600ML,PZA (1)13.00 [0]
VARIOS,PEÑAFIEL,TWIST NARANJA 600,CAJ (12)160.00 [24]
VARIOS,PEÑAFIEL,TWIST NARANJA 600,PZA (1)15.00 [0]
VARIOS,CLAMATO,CLAMATO PARTY 2.54LT,CAJ (1)80.00 [0]
VARIOS,CLAMATO,CLAMATO VNR 473ML,CAJ (12)230.00 [0]
VARIOS,CLAMATO,CLAMATO VNR 473ML,MED (6)115.00 [0]
VARIOS,CLAMATO,CLAMATO VNR 473ML,PZA (1)23.00 [0]
VARIOS,PACIFIC,PACIFIC 5LT,CAJ (1)130.00 [0]
VARIOS,DELICIOSA,DELICIOSA 2LT,CAJ (6)120.00 [40]
VARIOS,DELICIOSA,DELICIOSA 2LT,MED (4)75.00 [40]
VARIOS,DELICIOSA,DELICIOSA 2LT,PZA (1)20.00 [0]
VARIOS,DELICIOSA,DELICIOSA 3LT,CAJ (6)150.00 [6]
VARIOS,DELICIOSA,DELICIOSA 3LT,PZA (1)22.00 [0]
VARIOS,DELICIOSA,DELICIOSA 600ML,CAJ (12)110.00 [0]
VARIOS,DELICIOSA,DELICIOSA 600ML,PZA (1)12.00 [0]
VARIOS,DELICIOSA,DELICIOSA ESFERA,CAJ (24)148.00 [0]
VARIOS,DELICIOSA,DELICIOSA ESFERA,MED (12)74.00 [0]
VARIOS,DELICIOSA,DELICIOSA ESFERA,PZA (1)8.00 [0]
VARIOS,BONAFONT,BONAFONT 1.5LT,CAJ (12)130.00 [0]
VARIOS,BONAFONT,BONAFONT 1.5LT,PZA (1)14.00 [0]
VARIOS,BONAFONT,BONAFONT 1LT,CAJ (12)100.00 [0]
VARIOS,BONAFONT,BONAFONT 1LT,PZA (1)10.00 [0]
VARIOS,BONAFONT,BONAFONT 20LTS,CAJ (1)55.00 [0]
VARIOS,BONAFONT,BONAFONT 600ML,CAJ (12)80.00 [0]
VARIOS,BONAFONT,BONAFONT 600ML,PZA (1)10.00 [0]
VARIOS,BONAFONT,LEVITE 1LT,CAJ (12)140.00 [0]
VARIOS,BONAFONT,LEVITE 1LT,PZA (1)14.00 [0]
VARIOS,RED BULL,RED BULL 250 ML,CAJ (8)370.00 [0]
VARIOS,RED BULL,RED BULL 250 ML,PZA (1)37.00 [0]
VARIOS,SUEROX,SUEROX,CAJ (12)185.00 [0]
VARIOS,SUEROX,SUEROX,PZA (1)18.00 [1]
VARIOS,ELECTROLIT,ELECTROLIT,CAJ (12)255.00 [0]
VARIOS,ELECTROLIT,ELECTROLIT,PZA (1)30.00 [0]
VARIOS,NUTRI,NUTRI LECHE,CAJ (12)205.00 [0]
VARIOS,NUTRI,NUTRI LECHE,PAQ (12)200.00 [0]
CERVEZA,VICTORIA,MEGA VICTORIA 1.2L,CAJ (12)500.00 [0]
CERVEZA,VICTORIA,MEGA VICTORIA 1.2L,PZA (1)40.00 [0]
CERVEZA,VICTORIA,VICKY LATON,CAJ (24)490.00 [0]
CERVEZA,VICTORIA,VICKY LATON,PZA (1)25.00 [0]
CERVEZA,VICTORIA,VICKY LATON,SUEL (2)45.00 [0]
CERVEZA,VICTORIA,VICTORIA MEDIA,CAJ (24)345.00 [0]
CERVEZA,VICTORIA,VICTORIA MEDIA,PZA (1)15.00 [0]
CERVEZA,CORONA,CORONA LATON 473ML,CAJ (24)410.00 [0]
CERVEZA,CORONA,CORONA LATON 473ML,MED (12)205.00 [0]
CERVEZA,CORONA,CORONA LATON 473ML,PZA (1)18.00 [0]
CERVEZA,CORONA,CORONA MEDIA,CAJ (24)320.00 [0]
CERVEZA,CORONA,CORONA MEGA,CAJ (12)450.00 [0]
CERVEZA,CORONA,CORONA MEGA,PZA (1)40.00 [0]
CERVEZA,MODELO,MODELO ESPECIAL VR,CAJ (12)250.00 [0]
CERVEZA,MODELO,MODELO LATA 355ML,CAJ (24)445.00 [0]
CERVEZA,MODELO,MODELO LATA 355ML,PZA (1)20.00 [0]
CERVEZA,MODELO,MODELO LATA 355ML,SIX (6)120.00 [0]
CERVEZA,MODELO,MODELO LATON 473ML,CAJ (24)530.00 [0]
CERVEZA,MODELO,MODELO LATON 473ML,PZA (1)25.00 [0]
CERVEZA,MODELO,MODELO LATON 473ML,SIX (6)140.00 [0]
CERVEZA,MODELO,NEGRA MODELO FAMILIAR,CAJ (12)400.00 [0]
CERVEZA,MODELO,NEGRA MODELO FAMILIAR,PZA (1)40.00 [0]
CERVEZA,MODELO,NEGRA MODELO LATA,CAJ (24)380.00 [0]
CERVEZA,MODELO,NEGRA MODELO LATA,PZA (1)17.00 [0]
CERVEZA,MODELO,NEGRA MODELO VR,CAJ (12)250.00 [0]
CERVEZA,BARRILITO,BARRILITO,CAJ (24)260.00 [0]
CERVEZA,BARRILITO,BARRILITO,PZA (1)12.00 [0]
CERVEZA,BARRILITO,BARRILITO,SIX (6)72.00 [0]
CERVEZA,STELLA ARTOIS,STELLA ARTOIS NR,CAJ (24)450.00 [0]
CERVEZA,STELLA ARTOIS,STELLA ARTOIS NR,MED (12)225.00 [0]
CERVEZA,STELLA ARTOIS,STELLA ARTOIS NR,PZA (1)20.00 [0]
CERVEZA,INDIO,INDIO CAGUAMA,CAJ (12)385.00 [0]
CERVEZA,INDIO,INDIO LATON,CAJ (24)390.00 [0]
CERVEZA,INDIO,INDIO LATON,PZA (1)20.00 [0]
CERVEZA,INDIO,INDIO LATON,SIX (6)0.00 [0]
CERVEZA,INDIO,INDIO MEDIA,CAJ (20)265.00 [0]
CERVEZA,TECATE,TECATE CAGUAMON,CAJ (12)385.00 [0]
CERVEZA,TECATE,TECATE CAGUAMON,PZA (1)0.00 [0]
CERVEZA,TECATE,TECATE LATON,CAJ (24)390.00 [0]
CERVEZA,TECATE,TECATE LATON,MED (12)195.00 [0]
CERVEZA,TECATE,TECATE LATON,PZA (1)22.00 [0]
CERVEZA,TECATE,TECATE MEDIA,CAJ (20)240.00 [0]
CERVEZA,TECATE,TECATE MEDIA LIGHT,CAJ (20)266.00 [0]
CERVEZA,XX,XX LAGER CAGUAMA,CAJ (12)420.00 [0]
CERVEZA,XX,XX LAGER CAGUAMA,PZA (1)40.00 [0]
CERVEZA,XX,XX LAGER LATA,CAJ (24)425.00 [0]
CERVEZA,XX,XX LAGER LATA,PZA (1)20.00 [0]
CERVEZA,XX,XX LAGER LATA,SIX (6)0.00 [0]
CERVEZA,XX,XX LAGER MEDIA,CAJ (20)295.00 [0]
CERVEZA,SOL,SOL CLAMATO,CAJ (24)500.00 [0]
CERVEZA,SOL,SOL CLAMATO,PZA (1)25.00 [0]
CERVEZA,SUPERIOR,SUPERIOR MEDIA,CAJ (20)190.00 [0]
CERVEZA,BOHEMIA,BOHEMIA OSC NR,CAJ (24)450.00 [0]
CERVEZA,BOHEMIA,BOHEMIA OSC NR,MED (12)225.00 [0]
CERVEZA,BOHEMIA,BOHEMIA OSC NR,PZA (1)0.00 [0]
CERVEZA,HEINEKEN,HEINEKEN MEDIA,CAJ (24)460.00 [0]
CERVEZA,HEINEKEN,HEINEKEN MEDIA,MED (12)230.00 [0]
CERVEZA,HEINEKEN,HEINEKEN MEDIA,PZA (1)20.00 [0]
CERVEZA,HEINEKEN,HEINEKEN ZERO LATA 355 ML,CAJ (24)320.00 [0]
CERVEZA,ULTRA,ULTRA AMSTEL,CAJ (24)400.00 [0]
CERVEZA,ULTRA,ULTRA AMSTEL,MED (12)200.00 [0]
CERVEZA,CARTA BLANCA,CARTA BLANCA,CAJ (24)0.00 [0]
CERVEZA,CARTA BLANCA,CARTA BLANCA,PZA (1)0.00 [0]
CERVEZA,CARTA BLANCA,CARTA BLANCA,SIX (6)0.00 [0]
CERVEZA,CARTA BLANCA,CARTA BLANCA LATON,CAJ (24)320.00 [0]
CERVEZA,CARTA BLANCA,CARTA BLANCA LATON,PZA (1)15.00 [0]
CERVEZA,NOCHE BUENA,CERVEZA NOCHE BUENA,CAJ (24)200.00 [0]
CERVEZA,NOCHE BUENA,CERVEZA NOCHE BUENA,MED (12)0.00 [0]
CERVEZA,NOCHE BUENA,CERVEZA NOCHE BUENA,PZA (1)18.00 [0]
CERVEZA,MICHELOB,MICHELOB VNR,CAJ (24)375.00 [0]
CIGARROS,MARLBORO ROJO,MARLBORO ROJO CLASICO,PZA (1)0.00 [0]
CIGARROS,MARLBORO ROJO,MARLBORO ROJO CLASICO,SUEL (2)0.00 [0]
CIGARROS,ENCENDEDOR,ENCENDEDOR ECO,PAQ (15)68.00 [0]
CIGARROS,ENCENDEDOR,ENCENDEDOR ECO,PZA (1)8.00 [0]
CIGARROS,LINK,LINK ROJO,PZA (1)0.00 [0]
BOTANAS,PAPAS,MARUCHAN,PZA (1)18.00 [0]
BOTANAS,PAPAS,MARUCHAN,SUEL (1)20.00 [0]
BOTANAS,PAPAS,PAPAS,CAJ (1)0.00 [0]
BOTANAS,PAPAS,PAPAS,PZA (1)0.00 [0]
DESECHABLE,VASO,REYMA VASO 1OZ,CAJ (20)0.00 [0]
DESECHABLE,VASO,REYMA VASO 1OZ,PAQ (1)0.00 [0]
DESECHABLE,VASO,REYMA VASO 1OZ,PZA (1)0.00 [0]
