PRODUCTO,LINEA,SUBLINEA
BACARDI - COCA COLA,COCA COLA,BACACHO
AGUA CIEL 355,COCA COLA,CIEL NATURAL
AGUA CIEL 600ML,COCA COLA,CIEL NATURAL
AGUA CIEL 01 LITRO,COCA COLA,CIEL NATURAL
CIEL MINERAL LATA,COCA COLA,CIEL MINERAL
COCA 235 ML,COCA COLA,CLASICA
COCA LATA 355 ML,COCA COLA,CLASICA
COCA 500 ML,COCA COLA,CLASICA
COCA 600 ML,COCA COLA,CLASICA
COCA 01 LITRO,COCA COLA,CLASICA
COCA 1.5 LTS,COCA COLA,CLASICA
COCA 2 LTS,COCA COLA,CLASICA
COCA 3 LTS,COCA COLA,CLASICA
CHUBBY ORIGINAL 355 ML,COCA COLA,CLASICA
COCA RETO 235,COCA COLA,CLASICA
COCA RETO 355ML,COCA COLA,CLASICA
COCA RETO 500ML,COCA COLA,CLASICA
COCA RETO 1.5L,COCA COLA,CLASICA
COCA RETO 2.5L,COCA COLA,CLASICA
DELAWARE 600ML,COCA COLA,DELAWARE
DELAWARE 2LTS,COCA COLA,DELAWARE
GENEROSA,COCA COLA,DEL VALLE
NECTAR DEL VALLE 1LT,COCA COLA,DEL VALLE
FANTA S/A 300ML,COCA COLA,FANTA
FANTA NARANJ 600,COCA COLA,FANTA
FANTA FRESA 600,COCA COLA,FANTA
FANTA NARANJA 2LT,COCA COLA,FANTA
FANTA FRESA 2LT,COCA COLA,FANTA
FANTA NARANJA 3LT,COCA COLA,FANTA
FANTA NARANJA LTA,COCA COLA,FANTA
FRESCA S/A 300 ML,COCA COLA,FRESCA
FRESCA 600ML,COCA COLA,FRESCA
FRESCA 2LT,COCA COLA,FRESCA
FRESCA 3LT,COCA COLA,FRESCA
FRESCA LATA 355ML,COCA COLA,FRESCA
cja vacia ret 2.5,COCA COLA,VACIOS
cja vacia ret 500,COCA COLA,VACIOS
VACIO 20LTS BONAFONT,COCA COLA,VACIOS
NUTRI LECHE,VARIOS,NUTRI
PACIFIC 5LT,VARIOS,PACIFIC
MINERAL PET 355ML,VARIOS,PEÑAFIEL
MINERAL 600ML,VARIOS,PEÑAFIEL
MINERAL SIFON,VARIOS,PEÑAFIEL
MINERAL 2LT,VARIOS,PEÑAFIEL
FRESADA 600ML,VARIOS,PEÑAFIEL
FRESADA 2LT,VARIOS,PEÑAFIEL
LIMONADA 2LT,VARIOS,PEÑAFIEL
LIMONADA 600ML,VARIOS,PEÑAFIEL
MANGADA 600ML,VARIOS,PEÑAFIEL
MIX PEÑA ADAS 2LT,VARIOS,PEÑAFIEL
MIX PEÑAFIEL ADAS 355ML,VARIOS,PEÑAFIEL
MANZANADA 600,VARIOS,PEÑAFIEL
MIX PEÑAFIEL 600ML,VARIOS,PEÑAFIEL
NARANJADA 600ML,VARIOS,PEÑAFIEL
NARANJADA 2LT,VARIOS,PEÑAFIEL
PIÑADA 600ML,VARIOS,PEÑAFIEL
PIÑADA 2LT,VARIOS,PEÑAFIEL
TORONJADA 2LT,VARIOS,PEÑAFIEL
TWIST 600ML,VARIOS,PEÑAFIEL
TWIST 600 MIX,VARIOS,PEÑAFIEL
TWIST NARANJA 600,VARIOS,PEÑAFIEL
PERRIER VNR 330ML,VARIOS,PERRIER
QUINA LATA 355ML,VARIOS,QUINA
RED COLA 600ML,VARIOS,RED COLA
RED COLA 2LT,VARIOS,RED COLA
RED COLA 3LT,VARIOS,RED COLA
RED BULL 250 ML,VARIOS,RED BULL
SEÑORIAL 600ML,VARIOS,SANGRIA SEÑORIAL
SEÑORIAL 2LT,VARIOS,SANGRIA SEÑORIAL
SEÑORIAL 2.6 LT,VARIOS,SANGRIA SEÑORIAL
SEÑORIAL PET 355 ML,VARIOS,SANGRIA SEÑORIAL
SEÑORIAL RETO 355ML,VARIOS,SANGRIA SEÑORIAL
SKARCH 600ML,VARIOS,SKARCH
SKARCH 330 ml,VARIOS,SKARCH
SKARCH 1LTRO,VARIOS,SKARCH
SKARCH 1.5,VARIOS,SKARCH
SKARCH Frutale 1.5,VARIOS,SKARCH
SKA FRUTALE 1 LT,VARIOS,SKARCH
SKARCH 10 LTS,VARIOS,SKARCH
SUEROX,VARIOS,SUEROX
VIVE100 340ML PET,VARIOS,VIVE 100
VIVE100 LATA 355ML,VARIOS,VIVE 100
VIVE100 500ML PET,VARIOS,VIVE 100
VIVE 100 AMARILLO 500ML,VARIOS,VIVE 100
VOLT GUARANA LATA 473ML,VARIOS,VOLT
VOLT FRUTOS/BOSQUE,VARIOS,VOLT
VOLT MORA LATA 473ML,VARIOS,VOLT
VOLT MIXTO 473ML,VARIOS,VOLT
BARRILITO,CERVEZA,BARRILITO
BOHEMIA OSC NR,CERVEZA,BOHEMIA
CARTA BLANCA,CERVEZA,CARTA BLANCA
CARTA BLANCA LATON,CERVEZA,CARTA BLANCA
