line,name,presentation,# of pz
COCA COLA,CLASICA,COCA 01 LITRO,15
COCA COLA,CLASICA,COCA 2 LTS,14
COCA COLA,CLASICA,COCA 235 ML,48
COCA COLA,CLASICA,COCA 3 LTS,18
COCA COLA,CLASICA,COCA LATA 355 ML,13
COCA COLA,MEZCLA,MEZCLA 600ML,12
COCA COLA,MEZCLA,MEZCLA LATA 355ML,4
COCA COLA,MEZCLA,MEZCLA SABOR S/A 300ML,10
COCA COLA,LIGHT / SIN AZUCAR,COCA LIGHT LATA 355 ML,11
COCA COLA,POWER ADE,POWERADE 600 ROJO,12
COCA COLA,POWER ADE,POWERADE AZUL 1 LT,12
COCA COLA,POWER ADE,POWERADE MIXTO SPORT 600ML,5
COCA COLA,POWER ADE,POWERADE ROJO LITRO,6
COCA COLA,FUZE TEA,FUZE TEA 600 ML,7
COCA COLA,SPRITE,SPRITE 3L,2
COCA COLA,TOPO CHICO,TOPO CHICO 600,2
COCA COLA,SENZAO,SENZAO 600,2
PEPSI,PEPSI,PEPSI LATA,1
PEPSI,SQUIRT,SQUIRT 2LT,1
PEPSI,SQUIRT,SQUIRT 3LT,1
PEPSI,CANADA DRY,AGUA QUINA LATA 237 ML,1
VARIOS,JARRITO,JARRITO 2LT,10
VARIOS,JARRITO,JARRITO 600ML,18
VARIOS,SKARCH,SKARCH 1.5,12
VARIOS,SKARCH,SKARCH 1LTRO,12
VARIOS,BOING,BOING MIXTO RETORNABLE 355ML,5
VARIOS,PEÑAFIEL,PIÑADA 2LT,26
VARIOS,SUEROX,SUEROX,1
