line,name,presentation,# of boxes
COCA COLA,CLASICA,CHUBBY ORIGINAL 355 ML,0.0
COCA COLA,CLASICA,COCA 01 LITRO,12.5
COCA COLA,CLASICA,COCA 1.5 LTS,2.5
COCA COLA,CLASICA,COCA 2 LTS,32.333333333333336
COCA COLA,CLASICA,COCA 235 ML,41.0
COCA COLA,CLASICA,COCA 237 ML VIDRIO NR,0.0
COCA COLA,CLASICA,COCA 3 LTS,44.333333333333336
COCA COLA,CLASICA,COCA 600 ML,0.0
COCA COLA,CLASICA,COCA LATA 355 ML,12.5
COCA COLA,CLASICA,COCA RETO 1.5L,8.0
COCA COLA,CLASICA,COCA RETO 2.5L,25.5
COCA COLA,CLASICA,COCA RETO 355ML,31.083333333333332
COCA COLA,CLASICA,COCA RETO 500ML,15.0
COCA COLA,MEZCLA,MEZCLA 3 LTS,0.0
COCA COLA,MEZCLA,MEZCLA 600ML,3.0
COCA COLA,MEZCLA,MEZCLA COCA 2LTS,0.0
COCA COLA,MEZCLA,MEZCLA LATA 355ML,2.0
COCA COLA,MEZCLA,MEZCLA RETO 355,0.0
COCA COLA,MEZCLA,MEZCLA SABOR S/A 300ML,0.0
COCA COLA,MEZCLA,MEZCLA SABORES RETO 500 ML,4.0
COCA COLA,LIGHT / SIN AZUCAR,CHUBBY SIN AZUCAR 355 ML,5.0
COCA COLA,LIGHT / SIN AZUCAR,COCA COLA S/AZUCAR 2LTS,0.0
COCA COLA,LIGHT / SIN AZUCAR,COCA L/S 600,0.0
COCA COLA,LIGHT / SIN AZUCAR,COCA LIGHT 2LTS,0.0
COCA COLA,LIGHT / SIN AZUCAR,COCA LIGHT 600 ML,3.0
COCA COLA,LIGHT / SIN AZUCAR,COCA LIGHT LATA 355 ML,1.5
COCA COLA,LIGHT / SIN AZUCAR,COCA S/AZUCAR 355 LATA,0.0
COCA COLA,LIGHT / SIN AZUCAR,COCA S/AZUCAR 600ML,3.0
COCA COLA,SIDRAL,SIDRAL 2 LTS,3.0
COCA COLA,SIDRAL,SIDRAL 355 PET,0.0
COCA COLA,SIDRAL,SIDRAL 3LTS,3.0
COCA COLA,SIDRAL,SIDRAL 600ML,0.0
COCA COLA,SIDRAL,SIDRAL KIWI 2LTS,2.5
COCA COLA,SIDRAL,sidral kiwi 600,0.0
COCA COLA,SIDRAL,SIDRAL LATA  355L,0.0
COCA COLA,SIDRAL,SIDRAL S/A 300ML,0.0
COCA COLA,VALLE FRUT,VALLE MANDARINA 2LTS,0.0
COCA COLA,VALLE FRUT,VALLEFRUT 1.5  ML,0.0
COCA COLA,VALLE FRUT,VALLEFRUT 2 LTS,3.0
COCA COLA,VALLE FRUT,VALLEFRUT 3LTS,5.0
COCA COLA,VALLE FRUT,VALLEFRUT 600  ML,0.0
COCA COLA,POWER ADE,POWERADE 600 ROJO,0.0
COCA COLA,POWER ADE,POWERADE AZUL 1 LT,0.0
COCA COLA,POWER ADE,POWERADE AZUL 600ML,0.0
COCA COLA,POWER ADE,POWERADE MIXTO LITRO,6.0
COCA COLA,POWER ADE,POWERADE MIXTO SPORT 600ML,4.0
COCA COLA,POWER ADE,POWERADE ROJO LITRO,0.0
COCA COLA,DEL VALLE,GENEROSA,0.0
COCA COLA,CIEL NATURAL,AGUA CIEL 355,10.0
COCA COLA,CIEL NATURAL,AGUA CIEL 600ML,0.0
COCA COLA,MONSTER,MONSTER LATA 473 ML,0.0
COCA COLA,FUZE TEA,FUZE TEA 600 ML,1.0
COCA COLA,LECHE,LECHE DESLACTOSADA 1LT,0.0
COCA COLA,LECHE,LECHE ENT 1LT,0.0
COCA COLA,SPRITE,SPRITE 2L,4.0
COCA COLA,SPRITE,SPRITE 3L,3.0
COCA COLA,SPRITE,SPRITE 600ML,0.0
COCA COLA,SPRITE,SPRITE LATA 355ML,0.0
COCA COLA,SPRITE,SPRITE S/A 300 ML,0.0
COCA COLA,FANTA,FANTA FRESA 2LT,1.0
COCA COLA,FANTA,FANTA FRESA 600,0.0
COCA COLA,FANTA,FANTA NARANJ 600,0.0
COCA COLA,FANTA,FANTA NARANJA 2LT,1.0
COCA COLA,FANTA,FANTA NARANJA 3LT,2.0
COCA COLA,FANTA,FANTA NARANJA LTA,0.0
COCA COLA,FANTA,FANTA S/A 300ML,0.0
COCA COLA,FRESCA,FRESCA 2LT,2.0
COCA COLA,FRESCA,FRESCA 3LT,2.0
COCA COLA,FRESCA,FRESCA 600ML,0.0
COCA COLA,FRESCA,FRESCA LATA 355ML,0.0
COCA COLA,FRESCA,FRESCA S/A 300 ML,0.0
COCA COLA,DELAWARE,DELAWARE 250,0.0
COCA COLA,DELAWARE,DELAWARE 2LTS,0.0
COCA COLA,DELAWARE,DELAWARE 600ML,0.0
COCA COLA,VACIOS,cja vacia ret 2.5,0.0
COCA COLA,VACIOS,cja vacia ret 500,16.0
COCA COLA,VACIOS,VACIO 20LTS BONAFONT,0.0
COCA COLA,TOPO CHICO,TOPO CHICO 355 NR,0.0
COCA COLA,TOPO CHICO,TOPO CHICO 600,0.0
COCA COLA,SENZAO,SENZAO 2lts,0.0
COCA COLA,SENZAO,SENZAO 600,0.0
PEPSI,PEPSI,PEPSI 2LT,3.0
PEPSI,PEPSI,PEPSI 3LT,2.0
PEPSI,PEPSI,PEPSI 600ML,0.0
PEPSI,PEPSI,pepsi black 600,0.0
PEPSI,PEPSI,PEPSI LATA,0.0
PEPSI,SQUIRT,SQUIRT 2LT,9.0
PEPSI,SQUIRT,SQUIRT 3LT,10.0
PEPSI,SQUIRT,SQUIRT 600ML,0.0
PEPSI,SQUIRT,SQUIRT LATA 355ML,0.0
PEPSI,SQUIRT,SQUIRT PET 355 ML,10.0
PEPSI,MIRINDA,MIRINDA 2LT,0.0
PEPSI,MIRINDA,MIRINDA 3LT,0.0
PEPSI,MIRINDA,MIRINDA PET 355ML,0.0
PEPSI,SEVEN UP,SEVEN UP 2LT,0.0
PEPSI,SEVEN UP,SEVEN UP 3 LT,0.0
PEPSI,SEVEN UP,SEVEN UP 355 ML PET,0.0
PEPSI,SANGRIA CASERA,CASERA 2LT,0.0
PEPSI,SANGRIA CASERA,CASERA 3LT,0.0
PEPSI,SANGRIA CASERA,CASERA 400ML,0.0
PEPSI,MANZANITA SOL,MANZANITA 2LT,0.0
PEPSI,MANZANITA SOL,MANZANITA 3LT,0.0
PEPSI,MANZANITA SOL,MANZANITA 400ML,0.0
PEPSI,MANZANITA SOL,MANZANITA PET 355 ml,0.0
PEPSI,CANADA DRY,AGUA QUINA LATA 237 ML,0.0
PEPSI,CANADA DRY,CANADA DRY 1LT,0.0
PEPSI,CANADA DRY,CANADA DRY 600ML,0.0
PEPSI,CANADA DRY,CANDA MINERAL 600,0.0
PEPSI,CANADA DRY,GINGER ALE 237 ML,4.0
PEPSI,EPURA,EPURA 330ML,0.0
PEPSI,MEZCLA PEPSI,MEZCLA PEPSI 2 LT,0.0
PEPSI,MEZCLA PEPSI,MEZCLA PEPSI PET 355ML,0.0
PEPSI,MEZCLA PEPSI,MEZCLA SABORES PEPSI 3 LT,0.0
VARIOS,GATORADE,GATORADE 1LT,0.0
VARIOS,GATORADE,GATORADE 600ML SPORT,0.0
VARIOS,GATORADE,GATORADE t/plana 600,0.0
VARIOS,SANGRIA SEÑORIAL,SEÑORIAL 2.6 LT,0.0
VARIOS,SANGRIA SEÑORIAL,SEÑORIAL 2LT,0.0
VARIOS,SANGRIA SEÑORIAL,SEÑORIAL 600ML,0.0
VARIOS,SANGRIA SEÑORIAL,SEÑORIAL PET 355 ML,0.0
VARIOS,SANGRIA SEÑORIAL,SEÑORIAL RETO 355ML,0.0
VARIOS,JARRITO,JARRITO 2LT,48.0
VARIOS,JARRITO,JARRito 3LTS,0.0
VARIOS,JARRITO,JARRITO 600ML,2.5
VARIOS,JARRITO,JARRITO MINI LATA,0.0
VARIOS,JARRITO,JARRITO RETO 355ML,15.0
VARIOS,JARRITO,MINERALITO 2 LTS,0.0
VARIOS,JARRITO,MINERALITO 600,0.0
VARIOS,RED COLA,RED COLA 1.5 LTS,0.0
VARIOS,RED COLA,RED COLA 2.5 LTS,0.0
VARIOS,RED COLA,RED COLA 2LT,5.0
VARIOS,RED COLA,RED COLA 3LT,5.0
VARIOS,RED COLA,RED COLA 600ML,5.0
VARIOS,SKARCH,SKARCH 1.5,9.0
VARIOS,SKARCH,SKARCH 10 LTS,0.0
VARIOS,SKARCH,SKARCH 1LTRO,9.0
VARIOS,SKARCH,SKARCH 600ML,5.0
VARIOS,CALAHUA,CALAHUA LITRO,0.0
VARIOS,BOOST,BOOST LATA 235ML,0.0
VARIOS,VOLT,VOLT FRUTOS/BOSQUE,0.0
VARIOS,VOLT,VOLT GUARANA LATA 473ML,0.0
VARIOS,VOLT,VOLT MIXTO 473ML,0.0
VARIOS,VOLT,VOLT MORA LATA 473ML,0.0
VARIOS,BOING,BOING 250ML,20.0
VARIOS,BOING,BOING 500ML,20.0
VARIOS,BOING,BOING MANGO NR,0.0
VARIOS,BOING,BOING MANGO RETORNABLE,0.0
VARIOS,BOING,BOING MIXTO GENERICO NR,0.0
VARIOS,BOING,BOING MIXTO RETORNABLE 355ML,0.0
VARIOS,JUMEX,JUGOSA 450ML,0.0
VARIOS,JUMEX,JUMEX ARANDANO LT,0.0
VARIOS,JUMEX,JUMEX ARIZONA,0.0
VARIOS,JUMEX,JUMEX DURAZNO LT,0.0
VARIOS,JUMEX,JUMEX MANGO LT,0.0
VARIOS,JUMEX,JUMEX MANZANA LT,0.0
VARIOS,JUMEX,JUMEX NARANJA LT,0.0
VARIOS,JUMEX,JUMEX PIÑA LT,0.0
VARIOS,JUMEX,JUMEX PRISMA MIX LT,0.0
VARIOS,JUMEX,JUMEX TORONJA,0.0
VARIOS,JUMEX,JUMEX UVA LT,0.0
VARIOS,PEÑAFIEL,FRESADA 2LT,0.0
VARIOS,PEÑAFIEL,FRESADA 600ML,6.0
VARIOS,PEÑAFIEL,LIMONADA 2LT,0.0
VARIOS,PEÑAFIEL,LIMONADA 600ML,4.0
VARIOS,PEÑAFIEL,MINERAL 2LT,0.0
VARIOS,PEÑAFIEL,MINERAL 600ML,10.0
VARIOS,PEÑAFIEL,MINERAL PET 355ML,0.0
VARIOS,PEÑAFIEL,MINERAL SIFON,0.0
VARIOS,PEÑAFIEL,MIX PEÑA ADAS 2LT,0.0
VARIOS,PEÑAFIEL,MIX PEÑAFIEL 600ML,0.0
VARIOS,PEÑAFIEL,MIX PEÑAFIEL ADAS 355ML,0.0
VARIOS,PEÑAFIEL,NARANJADA 2LT,0.0
VARIOS,PEÑAFIEL,NARANJADA 600ML,3.0
VARIOS,PEÑAFIEL,PIÑADA 2LT,0.0
VARIOS,PEÑAFIEL,PIÑADA 600ML,4.0
VARIOS,PEÑAFIEL,TORONJADA 2LT,0.0
VARIOS,PEÑAFIEL,TWIST 600 MIX,0.0
VARIOS,PEÑAFIEL,TWIST 600ML,5.0
VARIOS,PEÑAFIEL,TWIST NARANJA 600,2.0
VARIOS,CLAMATO,CLAMATO PARTY 2.54LT,0.0
VARIOS,CLAMATO,CLAMATO VNR 473ML,0.0
VARIOS,PACIFIC,PACIFIC 5LT,0.0
VARIOS,DELICIOSA,DELICIOSA 2LT,6.666666666666667
VARIOS,DELICIOSA,DELICIOSA 3LT,1.0
VARIOS,DELICIOSA,DELICIOSA 600ML,0.0
VARIOS,DELICIOSA,DELICIOSA ESFERA,0.0
VARIOS,BONAFONT,BONAFONT 1.5LT,0.0
VARIOS,BONAFONT,BONAFONT 1LT,0.0
VARIOS,BONAFONT,BONAFONT 20LTS,0.0
VARIOS,BONAFONT,BONAFONT 600ML,0.0
VARIOS,BONAFONT,LEVITE 1LT,0.0
VARIOS,RED BULL,RED BULL 250 ML,0.0
VARIOS,SUEROX,SUEROX,0.0
VARIOS,ELECTROLIT,ELECTROLIT,0.0
VARIOS,NUTRI,NUTRI LECHE,0.0
CERVEZA,VICTORIA,MEGA VICTORIA 1.2L,0.0
CERVEZA,VICTORIA,VICKY LATON,0.0
CERVEZA,VICTORIA,VICTORIA MEDIA,0.0
CERVEZA,CORONA,CORONA LATON 473ML,0.0
CERVEZA,CORONA,CORONA MEDIA,0.0
CERVEZA,CORONA,CORONA MEGA,0.0
CERVEZA,MODELO,MODELO ESPECIAL VR,0.0
CERVEZA,MODELO,MODELO LATA 355ML,0.0
CERVEZA,MODELO,MODELO LATON 473ML,0.0
CERVEZA,MODELO,NEGRA MODELO FAMILIAR,0.0
CERVEZA,MODELO,NEGRA MODELO LATA,0.0
CERVEZA,MODELO,NEGRA MODELO VR,0.0
CERVEZA,BARRILITO,BARRILITO,0.0
CERVEZA,STELLA ARTOIS,STELLA ARTOIS NR,0.0
CERVEZA,INDIO,INDIO CAGUAMA,0.0
CERVEZA,INDIO,INDIO LATON,0.0
CERVEZA,INDIO,INDIO MEDIA,0.0
CERVEZA,TECATE,TECATE CAGUAMON,0.0
CERVEZA,TECATE,TECATE LATON,0.0
CERVEZA,TECATE,TECATE MEDIA,0.0
CERVEZA,TECATE,TECATE MEDIA LIGHT,0.0
CERVEZA,XX,XX LAGER CAGUAMA,0.0
CERVEZA,XX,XX LAGER LATA,0.0
CERVEZA,XX,XX LAGER MEDIA,0.0
CERVEZA,SOL,SOL CLAMATO,0.0
CERVEZA,SUPERIOR,SUPERIOR MEDIA,0.0
CERVEZA,BOHEMIA,BOHEMIA OSC NR,0.0
CERVEZA,HEINEKEN,HEINEKEN MEDIA,0.0
CERVEZA,HEINEKEN,HEINEKEN ZERO LATA 355 ML,0.0
CERVEZA,ULTRA,ULTRA AMSTEL,0.0
CERVEZA,CARTA BLANCA,CARTA BLANCA,0.0
CERVEZA,CARTA BLANCA,CARTA BLANCA LATON,0.0
CERVEZA,NOCHE BUENA,CERVEZA NOCHE BUENA,0.0
CERVEZA,MICHELOB,MICHELOB VNR,0.0
CIGARROS,ENCENDEDOR,ENCENDEDOR ECO,0.0
BOTANAS,PAPAS,PAPAS,0.0
DESECHABLE,VASO,REYMA VASO 1OZ,0.0
